{"comment": {"top_comment": [{"status": 0, "author_nick": "1174333788", "author": 1174333788, "type": 0, "rate": 5, "object_id": 1763465, "content": "太慢了，太慢了。老铁多辛苦辛苦来个大爆发呗。", "comment_count": 1, "like_count": 29, "create_time": 1494992331, "author_icon": "", "id": 4201721}], "top_comment_count": 4, "all_comment_count": 2387}, "stats": {"paid": 143545}, "author_books": [{"ad": 0, "word_count": 1026378, "owner": 0, "allow_discount": 0, "ad_time": 0, "click": 660773, "free_chapter": false, "score_count": 65, "copyright": "", "title": "美女导演的贴身判官", "on_sale": true, "comment_count": 46, "has_ad": 0, "ad_duration": 0, "latest_id": 477, "score": 7.1, "allow_free_read": 1, "rights_id": 10080, "channel": [1], "updated": 1480488119, "finish": true, "tags": ["异术超能", "都市"], "price": 5, "chapter_count": 478, "authors": "铁锁", "categories": [{"category_id": 5000000, "label": "都市"}, {"category_id": 5000300, "label": "异术超能"}], "rights": "阅文集团旗下创世中文网", "level": 0, "cover": "http://cover.read.duokan.com/mfsv2/download/fdsc3/p018fPMgtbmc/mHQukuz61L5OyS.jpg", "summary": "一次街头抽奖，赵宇抽中了二等奖苹果ipad，只是这个标志似乎有点不对劲，为什么是完整的苹果，不是被咬...", "fiction_id": 322205, "outer_id": "5755f9a150e3a412a1a48f98", "latest": "第478章 彩蝶双双久徘徊"}], "ips": [], "item": {"ad": 0, "word_count": 5465719, "owner": 0, "allow_discount": false, "ad_time": 0, "click": 65681663, "free_chapter": false, "score_count": 4489, "copyright": "", "title": "驭房有术", "new_tags": ["轻松", "法师", "感情", "玄学"], "on_sale": true, "comment_count": 2387, "has_ad": 0, "ad_duration": 0, "content": "进城闯荡的小阿姨衣锦还乡，张禹的老妈心动了，决定让儿子前去投奔。不曾想，所谓的豪宅就是一个三十平米的出租屋，更为要命的是，小阿姨经营的房产中介都快交不上房租了。\r\n风水卖房、风水装修……张禹从乡下棺材铺王老头那里学来的奇门玄术竟然派上了用场，摇身一变成了王牌经纪人……\r\n兄弟、美女，买房吗？阴宅阳宅都有，包装修！\r\n【都市风水秘术！灵异小说中的新题材，非恐怖，适合各种口味！】\r\n本书书友群：149661050（已满），2群：597276660（感谢美女书友墨白提供），V群：291777277（需订阅认证）。", "source": 2, "latest_id": 2264, "score": 8.02, "allow_free_read": 1, "toc": [], "rights_id": 10080, "channel": [1], "updated": 1524607420, "finish": false, "tags": ["风水秘术", "灵异", "灵异奇谈"], "started": 1480641761, "price": 5, "chapter_count": 2265, "authors": "铁锁", "level": 0, "categories": [{"category_id": 8000000, "label": "灵异"}, {"category_id": 8000400, "label": "灵异奇谈"}], "author_books_total": 2, "created": 1480641761, "rights": "阅文集团旗下起点中文网", "cover": "http://cover.read.duokan.com/mfsv2/download/fdsc3/p01I66oHszK2/7CDwQEqR7CFkXT.jpg", "summary": "进城闯荡的小阿姨衣锦还乡，张禹的老妈心动了，决定让儿子前去投奔。不曾想，所谓的豪宅就是一个三十平米的...", "id": 1763465, "source_id": 352876, "fiction_id": 352876, "outer_id": "5691370404281003", "latest": "第2265章 驾临镇海"}, "result": 0}