{
    "count": 10,
    "traceId": "duokan-lgb_reason_duokan_rank_v7-28342d73-aaf4-4a03-b959-b38c39ab03be-7419",
    "result": 0,
    "msg": "",
    "items": [{
            "ad": 0,
            "word_count": 1597285,
            "trace_id": "duokan-lgb_reason_duokan_rank_v7-28342d73-aaf4-4a03-b959-b38c39ab03be-7419",
            "owner": 0,
            "allow_discount": false,
            "ad_time": 0,
            "ad_duration": 0,
            "free_chapter": false,
            "score_count": 417,
            "copyright": "",
            "title": "狼牙兵王",
            "new_tags": [
                "热血",
                "特种兵",
                "技术流",
                "职场"
            ],
            "on_sale": true,
            "comment_count": 195,
            "has_ad": 0,
            "click": 1615650,
            "latest_id": 783,
            "score": 9.29,
            "allow_free_read": 1,
            "rights_id": 10080,
            "channel": [
                1
            ],
            "updated": 1526665229,
            "finish": false,
            "tags": [
                "军事",
                "军旅生涯"
            ],
            "price": 5,
            "chapter_count": 783,
            "authors": "蝼蚁望天",
            "categories": [{
                    "category_id": 7000000,
                    "label": "军事"
                },
                {
                    "category_id": 7000300,
                    "label": "军旅生涯"
                }
            ],
            "rights": "阅文集团旗下创世中文网",
            "level": 0,
            "cover": "http://cover.read.duokan.com/mfsv2/download/fdsc3/p01483UbQR26/kbOYiK2KcDewFK.jpg",
            "reason": "",
            "summary": "一次机密任务，狼牙特战队遭遇了灭顶之灾，除去狼牙陈塘之外，全军覆没。",
            "fiction_id": 406142,
            "outer_id": "8237805603512803",
            "latest": "第783章 共同进步的牧佳茗和苏杨"
        },
        {
            "ad": 0,
            "word_count": 1201233,
            "trace_id": "duokan-lgb_reason_duokan_rank_v7-28342d73-aaf4-4a03-b959-b38c39ab03be-7419",
            "owner": 0,
            "allow_discount": 0,
            "ad_time": 0,
            "ad_duration": 0,
            "free_chapter": false,
            "score_count": 38,
            "copyright": "",
            "title": "都市极品捉鬼系统",
            "new_tags": [
                "轻松",
                "学生",
                "无敌文",
                "鬼怪"
            ],
            "on_sale": true,
            "comment_count": 19,
            "has_ad": 0,
            "click": 224246,
            "latest_id": 596,
            "score": 8.78,
            "allow_free_read": 1,
            "rights_id": 10080,
            "channel": [
                1
            ],
            "updated": 1520009053,
            "finish": true,
            "tags": [
                "灵异鬼怪",
                "灵异",
                "灵异奇谈"
            ],
            "price": 5,
            "chapter_count": 597,
            "authors": "唐腊八",
            "categories": [{
                    "category_id": 8000000,
                    "label": "灵异"
                },
                {
                    "category_id": 8000400,
                    "label": "灵异奇谈"
                }
            ],
            "rights": "阅文集团旗下创世中文网",
            "level": 0,
            "cover": "http://cover.read.duokan.com/mfsv2/download/fdsc3/p01Aw2DwF77O/mootAUAwEUeilM.jpg",
            "reason": "",
            "summary": "女鬼，休要放肆！本大师在此，还不乖乖俯身翘臀！\r\n咳咳……俯首就擒！\r\n本大师棒槌执于手，夜壶别腰间...",
            "fiction_id": 385856,
            "outer_id": "7814083204427103",
            "latest": "第597章 大结局"
        },
        {
            "ad": 0,
            "word_count": 473797,
            "trace_id": "duokan-lgb_reason_duokan_rank_v7-28342d73-aaf4-4a03-b959-b38c39ab03be-7419",
            "owner": 0,
            "allow_discount": 0,
            "ad_time": 0,
            "ad_duration": 0,
            "free_chapter": false,
            "score_count": 10,
            "copyright": "",
            "title": "猫妈日记",
            "new_tags": [
                "励志",
                "凡人流"
            ],
            "on_sale": true,
            "comment_count": 6,
            "has_ad": 0,
            "click": 19651,
            "latest_id": 150,
            "score": 9,
            "allow_free_read": 1,
            "rights_id": 10080,
            "channel": [
                1
            ],
            "updated": 1505388190,
            "finish": true,
            "tags": [
                "短篇小说",
                "短篇",
                "美文游记"
            ],
            "price": 5,
            "chapter_count": 147,
            "authors": "芳草有约",
            "categories": [{
                    "category_id": 14000000,
                    "label": "短篇"
                },
                {
                    "category_id": 14000400,
                    "label": "美文游记"
                }
            ],
            "rights": "阅文集团旗下起点中文网",
            "level": 0,
            "cover": "http://cover.read.duokan.com/mfsv2/download/fdsc3/p01SC9JDeCEO/VkBtJuC8Zwep5h.jpg",
            "reason": "",
            "summary": "相对于严厉的虎妈鹰爸们而言，我只能算一个猫妈了。\r\r\n我不愿像一个教练员一样，训练孩子朝着金牌的方向...",
            "fiction_id": 373471,
            "outer_id": "3626183903376902",
            "latest": "第一百五十一章 飞越重洋"
        },
        {
            "ad": 0,
            "word_count": 1156897,
            "trace_id": "duokan-lgb_reason_duokan_rank_v7-28342d73-aaf4-4a03-b959-b38c39ab03be-7419",
            "owner": 0,
            "allow_discount": 0,
            "ad_time": 0,
            "ad_duration": 0,
            "free_chapter": false,
            "score_count": 5,
            "copyright": "",
            "title": "抗日之铁血争锋",
            "new_tags": [
                "铁血"
            ],
            "on_sale": true,
            "comment_count": 4,
            "has_ad": 0,
            "click": 51856,
            "latest_id": 520,
            "score": 6.4,
            "allow_free_read": 1,
            "rights_id": 10080,
            "channel": [
                1
            ],
            "updated": 1495447597,
            "finish": true,
            "tags": [
                "军事",
                "抗战烽火"
            ],
            "price": 5,
            "chapter_count": 514,
            "authors": "江山挽歌",
            "categories": [{
                    "category_id": 7000000,
                    "label": "军事"
                },
                {
                    "category_id": 7000400,
                    "label": "抗战烽火"
                }
            ],
            "rights": "阅文集团旗下创世中文网",
            "level": 0,
            "cover": "http://cover.read.duokan.com/mfsv2/download/fdsc3/p01pSkpG8sjK/mbakxzz4Icw6iV.jpg",
            "reason": "",
            "summary": "抗战十四年！三百余万士兵战死，两百余位将军殉国！\r\n问尔等：废话连篇，卖脸求荣，可得和平！跪舔者滚开...",
            "fiction_id": 367382,
            "outer_id": "2801055401336802",
            "latest": "新书《三界微信群》"
        },
        {
            "ad": 0,
            "word_count": 384168,
            "trace_id": "duokan-lgb_reason_duokan_rank_v7-28342d73-aaf4-4a03-b959-b38c39ab03be-7419",
            "owner": 0,
            "allow_discount": 0,
            "ad_time": 0,
            "ad_duration": 0,
            "free_chapter": false,
            "score_count": 5,
            "copyright": "",
            "title": "超神狂兵",
            "new_tags": [
                "特种兵",
                "强者回归"
            ],
            "on_sale": true,
            "comment_count": 3,
            "has_ad": 0,
            "click": 133930,
            "latest_id": 179,
            "score": 6.4,
            "allow_free_read": 1,
            "rights_id": 10080,
            "channel": [
                1
            ],
            "updated": 1483455732,
            "finish": true,
            "tags": [
                "谍战特工",
                "军事",
                "军事战争"
            ],
            "price": 5,
            "chapter_count": 179,
            "authors": "大好糖人",
            "categories": [{
                    "category_id": 7000000,
                    "label": "军事"
                },
                {
                    "category_id": 7000500,
                    "label": "军事战争"
                }
            ],
            "rights": "阅文集团旗下创世中文网",
            "level": 0,
            "cover": "http://cover.read.duokan.com/mfsv2/download/fdsc3/p01kLmT0gPVb/6NcI5JxofhXiiQ.jpg",
            "reason": "",
            "summary": "傲娇总裁未婚妻，高冷警花是美妇，玉女明星万人迷，美女老师黑丝袜，还有千娇百媚的房东阿姨……\r\n\r\n为...",
            "fiction_id": 345155,
            "outer_id": "4863342404355203",
            "latest": "大结局"
        },
        {
            "ad": 0,
            "word_count": 426914,
            "trace_id": "duokan-lgb_reason_duokan_rank_v7-28342d73-aaf4-4a03-b959-b38c39ab03be-7419",
            "owner": 0,
            "allow_discount": 0,
            "ad_time": 0,
            "ad_duration": 0,
            "free_chapter": false,
            "score_count": 103,
            "copyright": "",
            "title": "召唤植物大战丧尸",
            "on_sale": true,
            "comment_count": 62,
            "has_ad": 0,
            "click": 532967,
            "latest_id": 188,
            "score": 8.66,
            "allow_free_read": 1,
            "rights_id": 10080,
            "channel": [
                1
            ],
            "updated": 1473950128,
            "finish": true,
            "tags": [
                "末世危机",
                "召唤",
                "科幻世界",
                "热血",
                "丧尸"
            ],
            "price": 5,
            "chapter_count": 174,
            "authors": "禹魔",
            "categories": [{
                    "category_id": 60000,
                    "label": "科幻世界"
                },
                {
                    "category_id": 60200,
                    "label": "末世危机"
                },
                {
                    "category_id": 9000000,
                    "label": "科幻"
                },
                {
                    "category_id": 9000700,
                    "label": "末世危机"
                }
            ],
            "rights": "阅文集团旗下起点中文网",
            "level": 0,
            "cover": "http://cover.read.duokan.com/mfsv2/download/s010/p01k5sP5kCwc/Qioeqqv0vA3sNH.jpg",
            "reason": "",
            "summary": "Z病毒泄漏，丧尸危机爆发，人类和丧尸大战。\n叶莫携带《植物大战僵尸》系统，穿越到夏国，到现实中打丧尸...",
            "fiction_id": 304334,
            "outer_id": "55813fb950e3a407a315a3e3",
            "latest": "第189章 大结局"
        },
        {
            "ad": 0,
            "word_count": 768099,
            "trace_id": "duokan-lgb_reason_duokan_rank_v7-28342d73-aaf4-4a03-b959-b38c39ab03be-7419",
            "owner": 0,
            "allow_discount": 0,
            "ad_time": 0,
            "ad_duration": 0,
            "free_chapter": false,
            "score_count": 84,
            "copyright": "",
            "title": "操控丧尸",
            "on_sale": true,
            "comment_count": 59,
            "has_ad": 0,
            "click": 646289,
            "latest_id": 220,
            "score": 8.78,
            "allow_free_read": 1,
            "rights_id": 10080,
            "channel": [
                1
            ],
            "updated": 1435072767,
            "finish": true,
            "tags": [
                "科幻世界",
                "末世危机",
                "热血",
                "丧尸"
            ],
            "price": 5,
            "chapter_count": 221,
            "authors": "齐柏林铁匠",
            "categories": [{
                    "category_id": 60000,
                    "label": "科幻世界"
                },
                {
                    "category_id": 60200,
                    "label": "末世危机"
                },
                {
                    "category_id": 9000000,
                    "label": "科幻"
                },
                {
                    "category_id": 9000700,
                    "label": "末世危机"
                }
            ],
            "rights": "阅文集团旗下起点中文网",
            "level": 0,
            "cover": "http://cover.read.duokan.com/mfsv2/download/s010/p01HJAEX6Hur/CLXCKy3YnEWIux.jpg",
            "reason": "",
            "summary": "末世，当别人还在为物资而发愁的时候，谢天却能控制着自己的丧尸小弟，悠闲的穿梭在丧尸群中、轻松的逛着各...",
            "fiction_id": 294871,
            "outer_id": "5581458c50e3a4079f15b1f3",
            "latest": "第二百一十五章 大结局"
        },
        {
            "ad": 0,
            "word_count": 2063449,
            "trace_id": "duokan-lgb_reason_duokan_rank_v7-28342d73-aaf4-4a03-b959-b38c39ab03be-7419",
            "owner": 0,
            "allow_discount": 0,
            "ad_time": 0,
            "ad_duration": 0,
            "free_chapter": false,
            "score_count": 66,
            "copyright": "",
            "title": "奥特曼格斗进化",
            "new_tags": [
                "孤儿",
                "坚毅",
                "位面",
                "无限流"
            ],
            "on_sale": true,
            "comment_count": 39,
            "has_ad": 0,
            "click": 212244,
            "latest_id": 934,
            "score": 9.21,
            "allow_free_read": 1,
            "rights_id": 10080,
            "channel": [
                1
            ],
            "updated": 1526656183,
            "finish": false,
            "tags": [
                "科幻",
                "时空穿梭"
            ],
            "price": 5,
            "chapter_count": 902,
            "authors": "猫色",
            "categories": [{
                    "category_id": 9000000,
                    "label": "科幻"
                },
                {
                    "category_id": 9000200,
                    "label": "时空穿梭"
                }
            ],
            "rights": "阅文集团旗下起点中文网",
            "level": 0,
            "cover": "http://cover.read.duokan.com/mfsv2/download/fdsc3/p01HlV2vGJWE/wcZNoEzng5Kaa2.jpg",
            "reason": "",
            "summary": "从雷欧奥特曼开始，带着辅助系统，以人类之躯寻求超进化之路的奇妙旅程。\n雷欧、迪迦、赛罗、梦比优斯、奈...",
            "fiction_id": 370581,
            "outer_id": "22389970000755902",
            "latest": "第一百二十章 改造体奥特曼"
        },
        {
            "ad": 0,
            "word_count": 748479,
            "trace_id": "duokan-lgb_reason_duokan_rank_v7-28342d73-aaf4-4a03-b959-b38c39ab03be-7419",
            "owner": 0,
            "allow_discount": 0,
            "ad_time": 0,
            "ad_duration": 0,
            "free_chapter": false,
            "score_count": 26,
            "copyright": "",
            "title": "都市阴阳仙医",
            "new_tags": [
                "护短",
                "医生",
                "强者回归",
                "鬼怪"
            ],
            "on_sale": true,
            "comment_count": 15,
            "has_ad": 0,
            "click": 54900,
            "latest_id": 370,
            "score": 9.23,
            "allow_free_read": 1,
            "rights_id": 10080,
            "channel": [
                1
            ],
            "updated": 1526670651,
            "finish": false,
            "tags": [
                "灵异鬼怪",
                "灵异",
                "灵异奇谈"
            ],
            "price": 5,
            "chapter_count": 370,
            "authors": "辉二",
            "categories": [{
                    "category_id": 8000000,
                    "label": "灵异"
                },
                {
                    "category_id": 8000400,
                    "label": "灵异奇谈"
                }
            ],
            "rights": "阅文集团旗下创世中文网",
            "level": 0,
            "cover": "http://cover.read.duokan.com/mfsv2/download/fdsc3/p014Kc5WGUIp/ycS3jkg0xv6k9T.jpg",
            "reason": "",
            "summary": "仙医林修，从仙岛归来，凭医术救人，仙法降妖。",
            "fiction_id": 435923,
            "outer_id": "9776379803357903",
            "latest": "第三百六十七章：委屈你了，兄弟"
        },
        {
            "ad": 0,
            "word_count": 1867044,
            "trace_id": "duokan-lgb_reason_duokan_rank_v7-28342d73-aaf4-4a03-b959-b38c39ab03be-7419",
            "owner": 0,
            "allow_discount": 0,
            "ad_time": 0,
            "ad_duration": 0,
            "free_chapter": false,
            "score_count": 55,
            "copyright": "",
            "title": "药香农女：神秘相公不好扑",
            "new_tags": [
                "宠文",
                "神医",
                "独宠",
                "种田文",
                "日久生情"
            ],
            "on_sale": true,
            "comment_count": 20,
            "has_ad": 0,
            "click": 2061203,
            "latest_id": 1815,
            "score": 8.4,
            "allow_free_read": 1,
            "rights_id": 10080,
            "channel": [
                2
            ],
            "updated": 1501552017,
            "finish": true,
            "tags": [
                "古代言情",
                "经商种田"
            ],
            "price": 5,
            "chapter_count": 1812,
            "authors": "樱落落",
            "categories": [{
                    "category_id": 17000000,
                    "label": "古代言情"
                },
                {
                    "category_id": 17000600,
                    "label": "经商种田"
                }
            ],
            "rights": "阅文集团旗下云起书院",
            "level": 0,
            "cover": "http://cover.read.duokan.com/mfsv2/download/fdsc3/p01FgHmhIYFN/l1pniIoL6v9nzF.jpg",
            "reason": "",
            "summary": "穿越成快病死的小村姑，无父无母遭欺负，幸好天降神秘相公来相护！\r\n老念叨着她活不久，偏偏她活到了十七...",
            "fiction_id": 352574,
            "outer_id": "5757766104484003",
            "latest": "第1811章 全书完"
        }
    ],
    "explain": {
        "traceId": "duokan-lgb_reason_duokan_rank_v7-28342d73-aaf4-4a03-b959-b38c39ab03be-7419"
    },
    "total": 30,
    "tops": [],
    "more": false
}