{"count": 10, "traceId": "duokan-lgb_reason_duokan_rank_v7-a4dacfa1-5310-4491-89e4-6a14bfc55f00-329", "result": 0, "msg": "", "items": [{"ad": 0, "word_count": 348113, "trace_id": "duokan-lgb_reason_duokan_rank_v7-a4dacfa1-5310-4491-89e4-6a14bfc55f00-329", "owner": 0, "allow_discount": 0, "ad_time": 0, "ad_duration": 0, "free_chapter": false, "score_count": 35, "copyright": "", "title": "\u75c5\u6bd2\u6765\u88ad\uff1a\u5929\u624d\u5c11\u5e74\u5c11\u5973", "on_sale": true, "comment_count": 23, "has_ad": 0, "click": 752699, "latest_id": 328, "score": 9.25, "allow_free_read": 1, "rights_id": 10080, "channel": [2], "updated": 1436104879, "finish": true, "tags": ["\u9752\u6625\u6821\u56ed", "\u9752\u6625\u6d6a\u6f2b", "\u6d6a\u6f2b\u9752\u6625", "\u9752\u6625\u7eaf\u7231"], "price": 5, "chapter_count": 329, "authors": "\u5c9a\u620f\u7ea2\u5c18", "categories": [{"category_id": 140000, "label": "\u9752\u6625\u6d6a\u6f2b"}, {"category_id": 140300, "label": "\u9752\u6625\u6821\u56ed"}, {"category_id": 19000000, "label": "\u6d6a\u6f2b\u9752\u6625"}, {"category_id": 19000200, "label": "\u9752\u6625\u7eaf\u7231"}], "rights": "\u9605\u6587\u96c6\u56e2\u65d7\u4e0b\u4e91\u8d77\u4e66\u9662", "level": 0, "cover": "http://cover.read.duokan.com/mfsv2/download/s010/p01LaRm0Nn0r/Gn4U4B803tGlIn.jpg", "reason": "", "summary": "\u5f53\u667a\u5546195\u7684\u5979\u9047\u4e0a\u667a\u5546200\u7684\u4ed6\uff0c\u5f53\u9ed1\u5ba2\u5929\u624d\u9047\u4e0a\u7f51\u7edc\u5929\u624d\uff0c\u5f53\u7f8e\u56fd\u8dc6\u62f3\u9053\u7a7a\u624b\u9053\u67d4\u9053\u9ed1\u9053\u9ad8\u624b\u9047\u4e0a\u5168\u80fd\u9ad8...", "fiction_id": 277295, "outer_id": "558233ce50e3a4738c4c8056", "latest": "\u7b2c329\u7ae0 \u63a8\u8350\u65b0\u6587"}, {"ad": 0, "word_count": 1471429, "trace_id": "duokan-lgb_reason_duokan_rank_v7-a4dacfa1-5310-4491-89e4-6a14bfc55f00-329", "owner": 0, "allow_discount": 0, "ad_time": 0, "ad_duration": 0, "free_chapter": false, "score_count": 12, "copyright": "", "title": "\u672b\u4e16\u6d41\u6d6a\u72d7", "new_tags": ["\u70ed\u8840", "\u5b85\u7537", "\u7ec3\u529f\u6d41", "\u4e27\u5c38"], "on_sale": true, "comment_count": 10, "has_ad": 0, "click": 40978, "latest_id": 613, "score": 6.33, "allow_free_read": 1, "rights_id": 10080, "channel": [1], "updated": 1524421454, "finish": false, "tags": ["\u79d1\u5e7b", "\u672b\u4e16\u5371\u673a"], "price": 5, "chapter_count": 614, "authors": "\u7a7a\u8c03\u4e0d\u51c9", "categories": [{"category_id": 9000000, "label": "\u79d1\u5e7b"}, {"category_id": 9000700, "label": "\u672b\u4e16\u5371\u673a"}], "rights": "\u9605\u6587\u96c6\u56e2\u65d7\u4e0b\u521b\u4e16\u4e2d\u6587\u7f51", "level": 0, "cover": "http://cover.read.duokan.com/mfsv2/download/fdsc3/p01IBGJ17oiS/EUcgG8LXgtt3qq.jpg", "reason": "", "summary": "\u672b\u4e16\u5f00\u59cb\uff0c\u4e00\u4e2a\u80d6\u5b50\uff0c\u5e26\u7740\u4e00\u53ea\u72d7\uff0c\u4e00\u4e2a\u841d\u8389\uff0c\u5f00\u59cb\u4e86\u4ed6\u4eec\u7684\u6d41\u6d6a\u4e4b\u65c5\uff01", "fiction_id": 401223, "outer_id": "7674988104523803", "latest": "\u7b2c\u516d\u767e\u4e00\u5341\u56db\u7ae0 \u4e24\u4e2a\u8d31\u4eba"}, {"ad": 0, "word_count": 2113824, "trace_id": "duokan-lgb_reason_duokan_rank_v7-a4dacfa1-5310-4491-89e4-6a14bfc55f00-329", "owner": 0, "allow_discount": 0, "ad_time": 0, "ad_duration": 0, "free_chapter": false, "score_count": 572, "copyright": "", "title": "\u9690\u5a5a\u8bf7\u4f4e\u8c03", "new_tags": ["\u5ba0\u6587", "\u603b\u88c1", "\u4e13\u60c5", "\u8c6a\u95e8"], "on_sale": true, "comment_count": 306, "has_ad": 0, "click": 9904474, "latest_id": 2035, "score": 8.88, "allow_free_read": 1, "rights_id": 10080, "channel": [2], "updated": 1524437857, "finish": false, "tags": ["\u73b0\u4ee3\u8a00\u60c5", "\u8c6a\u95e8\u4e16\u5bb6"], "price": 5, "chapter_count": 2036, "authors": "\u987e\u7fe9\u7136", "categories": [{"category_id": 18000000, "label": "\u73b0\u4ee3\u8a00\u60c5"}, {"category_id": 18000700, "label": "\u8c6a\u95e8\u4e16\u5bb6"}], "rights": "\u9605\u6587\u96c6\u56e2\u65d7\u4e0b\u4e91\u8d77\u4e66\u9662", "level": 0, "cover": "http://cover.read.duokan.com/mfsv2/download/fdsc3/p014BLWC4lbX/i15YwGRkLiHB5C.jpg", "reason": "", "summary": "\u7ed3\u5a5a\u4e09\u5e74\uff0c\u4ed6\u4ece\u4e0d\u78b0\u5979\u3002\r\n\u79bb\u5a5a\u4ee5\u540e\uff0c\u4ed6\u5374\u4e70\u4e0b\u4e86\u5979\u7684\u521d\u591c\u3002\r\n\u6d1b\u5357\u521d\u51b7\u7b11\uff1a\u201c\u6eda\uff0c\u5356\u8c01\u4e5f\u4e0d\u5356\u4f60\uff01\u201d\r\n\u7537...", "fiction_id": 357402, "outer_id": "6704262303073203", "latest": "\u7b2c2036\u7ae0 \u8427\u51e4\u4ead\uff0c\u6211\u4e0d\u8981\u7559\u5728\u8fd9\u91cc"}, {"ad": 0, "word_count": 3877572, "trace_id": "duokan-lgb_reason_duokan_rank_v7-a4dacfa1-5310-4491-89e4-6a14bfc55f00-329", "owner": 0, "allow_discount": 0, "ad_time": 0, "ad_duration": 0, "special": 10, "free_chapter": false, "score_count": 194, "copyright": "", "title": "\u7535\u5f71\u4e16\u754c\u5927\u62bd\u5956", "on_sale": true, "comment_count": 132, "has_ad": 0, "click": 1796582, "latest_id": 1198, "score": 7.77, "allow_free_read": 1, "rights_id": 10080, "channel": [1], "updated": 1514042114, "finish": true, "tags": ["\u79d1\u5e7b", "\u65f6\u7a7a\u7a7f\u68ad"], "price": 5, "chapter_count": 1157, "authors": "\u718a\u732b\u80d6\u5927", "categories": [{"category_id": 9000000, "label": "\u79d1\u5e7b"}, {"category_id": 9000200, "label": "\u65f6\u7a7a\u7a7f\u68ad"}], "rights": "\u9605\u6587\u96c6\u56e2\u65d7\u4e0b\u8d77\u70b9\u4e2d\u6587\u7f51", "level": 0, "cover": "http://cover.read.duokan.com/mfsv2/download/fdsc3/p011qc850bPs/lPNl3z7m7NJ4ER.jpg", "reason": "", "summary": "\u7a00\u91cc\u7cca\u6d82\u7684\uff0c\u5de6\u5c0f\u53f3\u5f97\u5230\u4e86\u4e00\u5757\u624b\u8868\u3002\u8fd9\u624b\u8868\u4e0d\u7b80\u5355\uff0c\u7adf\u7136\u62e5\u6709\u7a7f\u68ad\u7535\u5f71\u4e16\u754c\u7684\u80fd\u529b\u3002\u6bcf\u5b8c\u6210\u4e00\u6b21\u7535\u5f71\u4e16\u754c\u7684\u4efb\u52a1...", "fiction_id": 318430, "outer_id": "25235237000368602", "latest": "\u540e\u8bb0"}, {"ad": 0, "word_count": 2013487, "trace_id": "duokan-lgb_reason_duokan_rank_v7-a4dacfa1-5310-4491-89e4-6a14bfc55f00-329", "owner": 0, "allow_discount": 0, "ad_time": 0, "ad_duration": 0, "free_chapter": false, "score_count": 59, "copyright": "", "title": "\u5965\u7279\u66fc\u683c\u6597\u8fdb\u5316", "new_tags": ["\u5b64\u513f", "\u575a\u6bc5", "\u4f4d\u9762", "\u65e0\u9650\u6d41"], "on_sale": true, "comment_count": 34, "has_ad": 0, "click": 186565, "latest_id": 908, "score": 9.18, "allow_free_read": 1, "rights_id": 10080, "channel": [1], "updated": 1524421676, "finish": false, "tags": ["\u79d1\u5e7b", "\u65f6\u7a7a\u7a7f\u68ad"], "price": 5, "chapter_count": 880, "authors": "\u732b\u8272", "categories": [{"category_id": 9000000, "label": "\u79d1\u5e7b"}, {"category_id": 9000200, "label": "\u65f6\u7a7a\u7a7f\u68ad"}], "rights": "\u9605\u6587\u96c6\u56e2\u65d7\u4e0b\u8d77\u70b9\u4e2d\u6587\u7f51", "level": 0, "cover": "http://cover.read.duokan.com/mfsv2/download/fdsc3/p01HlV2vGJWE/wcZNoEzng5Kaa2.jpg", "reason": "", "summary": "\u4ece\u96f7\u6b27\u5965\u7279\u66fc\u5f00\u59cb\uff0c\u5e26\u7740\u8f85\u52a9\u7cfb\u7edf\uff0c\u4ee5\u4eba\u7c7b\u4e4b\u8eaf\u5bfb\u6c42\u8d85\u8fdb\u5316\u4e4b\u8def\u7684\u5947\u5999\u65c5\u7a0b\u3002\n\u96f7\u6b27\u3001\u8fea\u8fe6\u3001\u8d5b\u7f57\u3001\u68a6\u6bd4\u4f18\u65af\u3001\u5948...", "fiction_id": 370581, "outer_id": "22389970000755902", "latest": "\u7b2c\u4e5d\u5341\u4e03\u7ae0 \u7535\u738b\uff08\u4e8c\uff09"}, {"ad": 0, "word_count": 1491517, "trace_id": "duokan-lgb_reason_duokan_rank_v7-a4dacfa1-5310-4491-89e4-6a14bfc55f00-329", "owner": 0, "allow_discount": 0, "ad_time": 0, "ad_duration": 0, "free_chapter": false, "score_count": 5, "copyright": "", "title": "\u51a5\u5a5a\u60ca\u60c5\uff1a\u9b3c\u738b\u8001\u516c\u8bf7\u8f7b\u5ba0", "new_tags": ["\u5ba0\u6587", "\u603b\u88c1", "\u8179\u9ed1", "\u53d8\u8eab", "\u5348\u591c\u60ca\u9b42"], "on_sale": true, "comment_count": 3, "has_ad": 0, "click": 64508, "latest_id": 1476, "score": 8.8, "allow_free_read": 1, "rights_id": 10080, "channel": [2], "updated": 1524423955, "finish": false, "tags": ["\u60ac\u7591\u7075\u5f02", "\u7075\u5f02\u9b3c\u602a"], "price": 5, "chapter_count": 1477, "authors": "\u6e05\u98ce\u590f\u6696", "categories": [{"category_id": 20000000, "label": "\u60ac\u7591\u7075\u5f02"}, {"category_id": 20000400, "label": "\u7075\u5f02\u9b3c\u602a"}], "rights": "\u9605\u6587\u96c6\u56e2\u65d7\u4e0b\u4e91\u8d77\u4e66\u9662", "level": 0, "cover": "http://cover.read.duokan.com/mfsv2/download/fdsc3/p01lVW1Bd2Ry/nSlyCTPwCq7LC0.jpg", "reason": "", "summary": "\u5979\u662f\u4ed6\u82b1\u4e00\u5343\u4e07\u4e70\u6765\u7684\u51b2\u559c\u5bf9\u8c61\uff0c\u7ed3\u5a5a\u5f53\u665a\uff0c\u4ed6\u5c06\u5979\u6b3a\u538b\u5728\u8eab\u4e0b\uff0c\u5979\u7948\u6c42\u9053\uff1a\u201c\u4e0d\u8981\u78b0\u6211\u2026\u201d\u53ef\u4ed6\u5374\u51b0\u51b7\u56de\u5e94\uff1a\u201c...", "fiction_id": 420675, "outer_id": "7409318404089703", "latest": "\u7b2c1476\u7ae0\uff1a\u4ed6\u4ec0\u4e48\u65f6\u5019\u5f97\u4e86\u80c3\u764c\uff1f"}, {"ad": 0, "word_count": 3863734, "trace_id": "duokan-lgb_reason_duokan_rank_v7-a4dacfa1-5310-4491-89e4-6a14bfc55f00-329", "owner": 0, "allow_discount": 0, "ad_time": 0, "ad_duration": 0, "free_chapter": false, "score_count": 58, "copyright": "", "title": "\u6781\u54c1\u9b3c\u5973\u9634\u9633\u9274", "new_tags": ["\u52b1\u5fd7", "\u5b85\u7537", "\u7ec3\u529f\u6d41", "\u76d7\u5893"], "on_sale": true, "comment_count": 35, "has_ad": 0, "click": 837643, "latest_id": 1878, "score": 7.96, "allow_free_read": 1, "rights_id": 10080, "channel": [1], "updated": 1524468439, "finish": false, "tags": ["\u7075\u5f02\u9b3c\u602a", "\u7075\u5f02", "\u7075\u5f02\u5947\u8c08"], "price": 5, "chapter_count": 1878, "authors": "\u6211\u662f\u5f20\u5c0f\u5e05", "categories": [{"category_id": 8000000, "label": "\u7075\u5f02"}, {"category_id": 8000400, "label": "\u7075\u5f02\u5947\u8c08"}], "rights": "\u9605\u6587\u96c6\u56e2\u65d7\u4e0b\u521b\u4e16\u4e2d\u6587\u7f51", "level": 0, "cover": "http://cover.read.duokan.com/mfsv2/download/fdsc3/p01fvM4woDB3/wI9wxGTKUS48Rk.jpg", "reason": "", "summary": "\u5a07\u5a9a\u7684\u4e1c\u839e\u5973\u9b3c\u534a\u591c\u722c\u4e0a\u4e86\u6211\u7684\u5e8a\uff0c\u7ed9\u6211\u9001\u94b1\u9001\u5b9d\u9001\u5973\u4eba\u3002\u6f02\u4eae\u7684\u5382\u82b1\u59b9\u5b50\uff0c\u6027\u611f\u7684T\u53f0\u5ae9\u6a21\uff0c\u5a07\u6ef4\u6ef4\u7684\u6e05\u7eaf\u6821\u82b1...", "fiction_id": 352749, "outer_id": "5102530004776203", "latest": "\u7b2c1877\u7ae0\u5c0f\u5170\u7684\u4e8c\u8205"}, {"ad": 0, "word_count": 422099, "trace_id": "duokan-lgb_reason_duokan_rank_v7-a4dacfa1-5310-4491-89e4-6a14bfc55f00-329", "owner": 0, "allow_discount": 0, "ad_time": 0, "ad_duration": 0, "free_chapter": false, "score_count": 1, "copyright": "", "title": "\u6297\u6218\u6e38\u51fb\u961f", "on_sale": true, "comment_count": 1, "has_ad": 0, "click": 43579, "latest_id": 195, "score": 10.0, "allow_free_read": 1, "rights_id": 10080, "channel": [1], "updated": 1524408504, "finish": false, "tags": ["\u519b\u4e8b", "\u6297\u6218\u70fd\u706b"], "price": 5, "chapter_count": 196, "authors": "\u7528\u7b14\u5199\u4e66", "categories": [{"category_id": 7000000, "label": "\u519b\u4e8b"}, {"category_id": 7000400, "label": "\u6297\u6218\u70fd\u706b"}], "rights": "\u9605\u6587\u96c6\u56e2\u65d7\u4e0b\u8d77\u70b9\u4e2d\u6587\u7f51", "level": 0, "cover": "http://cover.read.duokan.com/mfsv2/download/fdsc3/p01OlfmUHYWD/SFW5m54if1LOcJ.jpg", "reason": "", "summary": "\u5373\u4f7f\u53ea\u662f\u6e38\u51fb\u961f\uff0c\u6211\u4eec\u4e5f\u8981\u52aa\u529b\u505a\u5927\u505a\u5f3a\uff0c\u4e3a\u6210\u4e3a\u4e1a\u754c\u6807\u6746\u800c\u4e0d\u61c8\u52aa\u529b\uff01", "fiction_id": 432901, "outer_id": "9034095604539003", "latest": "\u7b2c\u4e00\u767e\u4e5d\u5341\u4e8c\u7ae0"}, {"ad": 0, "word_count": 5823580, "trace_id": "duokan-lgb_reason_duokan_rank_v7-a4dacfa1-5310-4491-89e4-6a14bfc55f00-329", "owner": 0, "allow_discount": 0, "ad_time": 0, "ad_duration": 0, "free_chapter": false, "score_count": 3182, "copyright": "", "title": "\u4e07\u53e4\u795e\u5e1d", "on_sale": true, "comment_count": 1839, "has_ad": 0, "click": 13383121, "latest_id": 1858, "score": 8.32, "allow_free_read": 1, "rights_id": 10080, "channel": [1], "updated": 1524460905, "finish": false, "tags": ["\u7384\u5e7b", "\u4e1c\u65b9\u7384\u5e7b"], "price": 5, "chapter_count": 1859, "authors": "\u98de\u5929\u9c7c", "categories": [{"category_id": 1000000, "label": "\u7384\u5e7b"}, {"category_id": 1000100, "label": "\u4e1c\u65b9\u7384\u5e7b"}], "rights": "\u9605\u6587\u96c6\u56e2\u65d7\u4e0b\u521b\u4e16\u4e2d\u6587\u7f51", "level": 0, "cover": "http://cover.read.duokan.com/mfsv2/download/fdsc3/p01ryuo7hLTn/D9asT2NEPBPU23.jpg", "reason": "", "summary": "\u516b\u767e\u5e74\u524d\uff0c\u660e\u5e1d\u4e4b\u5b50\u5f20\u82e5\u5c18\uff0c\u88ab\u4ed6\u7684\u672a\u5a5a\u59bb\u6c60\u7476\u516c\u4e3b\u6740\u6b7b\uff0c\u4e00\u4ee3\u5929\u9a84\uff0c\u5c31\u6b64\u9668\u843d\u3002\n\u516b\u767e\u5e74\u540e\uff0c\u5f20\u82e5\u5c18\u91cd\u65b0\u6d3b\u4e86\u8fc7...", "fiction_id": 315101, "outer_id": "22091405000072102", "latest": "\u7b2c\u4e00\u5343\u516b\u767e\u4e94\u5341\u4e09\u7ae0 \u795e\u5d16\u5148\u751f\u53bb\u4e86\u6d1b\u6c34"}, {"ad": 0, "word_count": 737075, "trace_id": "duokan-lgb_reason_duokan_rank_v7-a4dacfa1-5310-4491-89e4-6a14bfc55f00-329", "owner": 0, "allow_discount": 0, "ad_time": 0, "ad_duration": 0, "free_chapter": false, "score_count": 2, "copyright": "", "title": "\u7956\u4f20\u5929\u5e08", "on_sale": true, "comment_count": 1, "has_ad": 0, "click": 12146, "latest_id": 348, "score": 10.0, "allow_free_read": 1, "rights_id": 10080, "channel": [1], "updated": 1524409858, "finish": false, "tags": ["\u7075\u5f02", "\u6050\u6016\u60ca\u609a"], "price": 5, "chapter_count": 349, "authors": "\u7761\u70b9\u5df2\u8fc7", "categories": [{"category_id": 8000000, "label": "\u7075\u5f02"}, {"category_id": 8000200, "label": "\u6050\u6016\u60ca\u609a"}], "rights": "\u9605\u6587\u96c6\u56e2\u65d7\u4e0b\u521b\u4e16\u4e2d\u6587\u7f51", "level": 0, "cover": "http://cover.read.duokan.com/mfsv2/download/fdsc3/p01tkaZjaqyY/tWE5VzC6dlI5TZ.jpg", "reason": "", "summary": "\u6d3b\u4eba\u6237\uff0c\u6b7b\u4eba\u575f\uff0c\u76d7\u8005\u7686\u6709\u7f6a\r\n\u76d7\u6d3b\u4eba\u6237\uff0c\u83b7\u5211\uff0c\u76d7\u6b7b\u4eba\u575f\uff0c\u7978\u79fb\u5b50\u5b59\uff01\uff01\r\n\u7956\u5bb6\u516b\u4ee3\uff0c\u5747\u5df2\u76d7\u5893\u4e3a\u751f\uff0c\u516b\u4e16...", "fiction_id": 433382, "outer_id": "7249074503604603", "latest": "\u7b2c\u4e09\u767e\u4e09\u5341\u4e5d\u7ae0 \u6211\u4eec\u90fd\u6ca1\u6709\u9519!"}], "explain": {"traceId": "duokan-lgb_reason_duokan_rank_v7-a4dacfa1-5310-4491-89e4-6a14bfc55f00-329"}, "total": 10000, "tops": [], "more": true}